{"cameraMode":{"drawMode":0,"name":"Shaded","section":"Shading Mode"},"sceneLighting":true,"audioPlay":false,"sceneViewState":{"m_AlwaysRefresh":false,"showFog":true,"showSkybox":true,"showFlares":true,"showImageEffects":true,"showParticleSystems":true,"showVisualEffectGraphs":true,"m_FxEnabled":true},"in2DMode":false,"pivot":{"x":-433.1444396972656,"y":114.74596405029297,"z":125.38741302490235},"rotation":{"x":-0.25836315751075747,"y":0.7452154755592346,"z":-0.4234265089035034,"w":-0.44685688614845278},"size":196.28956604003907,"orthographic":true}